Alabama,2009,6.3250961,32.935886,93.6749039,60.739017,23.794041,7.3752837,13.13
Alabama,2010,6.5895853,32.708939,93.4104147,60.701473,22.899515,7.0476742,12.56
Alabama,2011,6.3611312,32.870529,93.6388688,60.768341,23.09083,7.1225657,12.36
Alabama,2012,6.688168,33.35326,93.311832,59.958572,23.136471,7.3047509,12.12
Alabama,2013,6.5363503,33.146679,93.4636497,60.316967,23.454721,7.159307,12.03
Alabama,2014,6.5472999,33.274406,93.4527001,60.178299,23.474092,7.3904381,12.25
Alabama,2015,6.5908065,33.366676,93.4091935,60.042511,23.392838,7.5729399,12.28
Alabama,2016,6.2311945,33.105103,93.7688055,60.6637,23.933479,7.9613261,12.16
Alabama,2017,5.9334354,32.412575,94.0665646,61.653988,24.372728,8.028985,12.09
Alaska,2009,9.685668,31.013918,90.31433200000001,59.300415,21.149042,6.0009217,16.20
Alaska,2010,10.403362,32.02977,89.596638,57.566868,20.036919,6.1022739,16.15
Alaska,2011,9.6572495,31.213617,90.3427505,59.129131,20.477598,6.294641,15.85
Alaska,2012,9.5159569,33.527386,90.4840431,56.956661,20.338087,6.7438631,15.29
Alaska,2013,9.7742004,30.961525,90.2257996,59.264271,22.754709,6.8199091,15.57
Alaska,2014,8.6530027,31.421658,91.3469973,59.925335,21.579433,6.990335,15.46
Alaska,2015,10.327558,30.077744,89.672442,59.594704,21.395367,7.1818852,15.28
Alaska,2016,9.3758554,29.065311,90.6241446,61.55883,23.821177,7.948307,15.11
Alaska,2017,10.026681,29.876646,89.973319,60.096676,22.068588,7.3653688,14.12
Arizona,2009,6.7538919,37.451584,93.2461081,55.794525,17.638025,4.9366565,14.63
Arizona,2010,6.8621492,37.831196,93.1378508,55.306656,16.697886,4.5042739,13.69
Arizona,2011,7.0610828,38.605721,92.9389172,54.333199,16.104166,4.4578333,13.20
Arizona,2012,6.9855876,38.382336,93.0144124,54.632072,16.421045,4.3477716,13.19
Arizona,2013,6.8608956,38.28476,93.1391044,54.854347,16.610985,4.6784229,12.92
Arizona,2014,6.8495102,37.410751,93.1504898,55.739738,17.69051,5.0206628,12.91
Arizona,2015,6.8805299,36.952744,93.1194701,56.166725,18.039,5.3509769,12.50
Arizona,2016,6.3566766,36.122238,93.6433234,57.52108,19.875931,5.8939633,12.19
Arizona,2017,5.8239179,36.06522,94.1760821,58.110863,20.335161,6.1419396,11.67
Arkansas,2009,6.71525,33.997871,93.28475,59.28688,20.485144,5.388876,13.74
Arkansas,2010,6.6543064,34.007473,93.3456936,59.338219,20.492832,5.6467743,13.22
Arkansas,2011,6.2568893,34.638855,93.7431107,59.104259,19.521807,5.2990322,13.18
Arkansas,2012,6.6456614,34.58905,93.3543386,58.765285,20.110609,5.484767,13.00
Arkansas,2013,6.1431799,34.395893,93.8568201,59.460926,20.515873,5.7069063,12.78
Arkansas,2014,6.4141049,33.769913,93.5858951,59.815979,20.023548,5.4786229,12.98
Arkansas,2015,6.4439931,34.134502,93.5560069,59.421509,21.274035,6.2552905,13.06
Arkansas,2016,6.7351699,33.645924,93.2648301,59.618908,21.525608,6.342072,12.81
Arkansas,2017,6.2698922,33.563442,93.7301078,60.166668,21.625435,6.7512112,12.49
California,2009,7.5679102,31.983503,92.4320898,60.448586,23.200264,7.7183747,14.26
California,2010,7.811244,32.183872,92.188756,60.004883,22.565933,7.5377731,13.70
California,2011,8.0171509,32.72715,91.9828491,59.255703,22.046808,7.2180567,13.32
California,2012,7.8940973,32.619282,92.1059027,59.486622,21.903097,7.2625494,13.24
California,2013,7.7827187,32.427643,92.2172813,59.789635,22.697784,7.478828,12.91
California,2014,7.7044525,31.752903,92.2955475,60.542645,22.966061,7.6883302,12.96
California,2015,7.4877815,31.683886,92.5122185,60.828335,23.615932,8.1244259,12.56
California,2016,7.286272,30.8729,92.713728,61.840828,24.513746,8.7289047,12.45
California,2017,7.0437999,30.416197,92.9562001,62.540001,25.559956,9.2439756,11.93
Colorado,2009,5.6303024,31.509527,94.3696976,62.860168,23.123259,7.1069436,13.80
Colorado,2010,5.815866,31.937969,94.184134,62.246166,22.422543,6.7719588,13.19
Colorado,2011,5.8372836,32.172161,94.1627164,61.990555,22.209105,6.4338751,12.71
Colorado,2012,5.7328134,31.88652,94.2671866,62.380665,22.475361,6.6061215,12.57
Colorado,2013,5.6117435,31.188238,94.3882565,63.20002,23.018126,6.8695331,12.34
Colorado,2014,5.6492181,30.846367,94.3507819,63.504417,23.493523,7.3503919,12.29
Colorado,2015,5.1663947,30.179516,94.8336053,64.654091,24.645943,7.9065518,12.20
Colorado,2016,5.0396585,29.510923,94.9603415,65.449417,24.930202,7.9735718,12.02
Colorado,2017,5.0716457,28.721392,94.9283543,66.206963,25.617764,8.7949877,11.48
Connecticut,2009,8.306612,32.564091,91.693388,59.129299,20.378126,6.0034881,10.92
Connecticut,2010,9.0611706,32.666695,90.9388294,58.272137,20.21064,5.9525657,10.55
Connecticut,2011,9.3143682,33.727619,90.6856318,56.958015,19.683895,5.629519,10.41
Connecticut,2012,9.0729055,32.832821,90.9270945,58.094276,19.578411,5.842782,10.18
Connecticut,2013,9.4870358,32.442493,90.5129642,58.070469,20.186064,6.0405564,10.03
Connecticut,2014,9.0751925,33.188549,90.9248075,57.736259,20.227804,6.0401959,10.09
Connecticut,2015,9.1692133,32.307362,90.8307867,58.523422,20.231108,6.0790219,9.95
Connecticut,2016,9.0530319,33.323757,90.94696809999999,57.623215,21.094788,6.2483559,10.07
Connecticut,2017,8.5690041,33.152905,91.4309959,58.278091,21.428297,6.394784,9.82
Delaware,2009,7.7695475,31.551525,92.2304525,60.678928,19.441288,5.2445822,12.96
Delaware,2010,6.6244884,34.613174,93.3755116,58.762337,18.442961,5.3606677,12.66
Delaware,2011,5.7546401,33.661072,94.2453599,60.58429,20.559017,5.9710317,12.41
Delaware,2012,6.3283844,32.976894,93.6716156,60.694725,19.882872,5.5373368,12.02
Delaware,2013,7.1061811,33.870193,92.8938189,59.023624,19.331055,5.9037781,11.70
Delaware,2014,6.2174225,34.844158,93.7825775,58.938419,20.185965,6.2517338,11.73
Delaware,2015,6.8469486,34.284943,93.1530514,58.868103,20.571194,5.8874912,11.80
Delaware,2016,5.7057405,35.067577,94.2942595,59.226685,19.165443,5.7635617,11.55
Delaware,2017,5.6275268,34.385101,94.3724732,59.987373,19.951836,6.1248207,11.28
District of Columbia,2009,35.183727,44.731228,64.816273,20.085045,3.7038672,.75176507,15.26
District of Columbia,2010,35.021477,45.274338,64.978523,19.704185,3.9811718,.82927877,15.23
District of Columbia,2011,38.530914,44.015335,61.469086,17.453754,3.3948712,.85271895,15.04
District of Columbia,2012,37.876411,43.749016,62.123589,18.374571,3.935694,1.1073945,14.86
District of Columbia,2013,37.380314,42.101444,62.619686,20.518238,3.4271915,.83673543,14.37
District of Columbia,2014,33.969528,45.753448,66.030472,20.277023,4.117486,.87497926,14.43
District of Columbia,2015,36.181229,43.6688,63.818771,20.149971,3.7425432,1.0309205,14.25
District of Columbia,2016,37.285458,43.692417,62.714542,19.022121,3.6271381,.74277937,14.47
District of Columbia,2017,35.445778,44.874321,64.55422200000001,19.679901,3.6205702,.85087484,13.78
Florida,2009,6.5836182,41.177826,93.4163818,52.23856,13.966963,3.3915997,11.87
Florida,2010,6.9527969,41.502258,93.0472031,51.544945,13.694978,3.289762,11.41
Florida,2011,7.3241668,41.740921,92.6758332,50.93491,13.128284,3.1472712,11.20
Florida,2012,7.3588662,42.203125,92.6411338,50.438004,13.045241,3.1110973,11.03
Florida,2013,7.2201333,41.62542,92.7798667,51.154446,13.468247,3.2269609,11.02
Florida,2014,6.9077072,41.223362,93.0922928,51.868927,13.662004,3.3266983,11.06
Florida,2015,6.8096809,41.02457,93.1903191,52.165752,14.177931,3.5437155,11.06
Florida,2016,6.5714383,40.354984,93.4285617,53.073578,14.924086,3.8238027,10.92
Florida,2017,6.3223443,39.725258,93.6776557,53.952396,15.509865,3.9816182,10.66
Georgia,2009,6.5959496,33.691059,93.4040504,59.712994,20.875116,6.2119765,14.69
Georgia,2010,6.7225957,33.700615,93.2774043,59.57679,20.654631,5.9611993,13.83
Georgia,2011,6.8304515,34.761353,93.1695485,58.408195,19.421143,5.5864549,13.49
Georgia,2012,6.8890839,34.595863,93.1109161,58.515053,20.165512,5.66822,13.13
Georgia,2013,6.8414831,34.588528,93.1585169,58.569992,20.443224,6.0103216,12.88
Georgia,2014,7.2921939,33.745445,92.7078061,58.962357,21.038816,6.2874055,12.97
Georgia,2015,6.9346762,33.637638,93.0653238,59.427685,21.285788,6.5475202,12.86
Georgia,2016,6.6785402,32.823296,93.3214598,60.498165,22.357998,7.0731535,12.61
Georgia,2017,6.413331,32.142918,93.586669,61.443752,23.379459,7.464098,12.39
Hawaii,2009,8.8215256,33.638397,91.1784744,57.540077,20.451836,6.9070868,14.02
Hawaii,2010,8.9107065,33.854855,91.0892935,57.234444,20.996294,7.9071445,13.96
Hawaii,2011,8.9463463,35.08448,91.0536537,55.969173,20.119137,7.1222992,13.79
Hawaii,2012,8.3567095,35.756496,91.6432905,55.886795,20.82667,7.5328088,13.63
Hawaii,2013,9.0142632,33.743004,90.9857368,57.242733,20.191282,7.9265528,13.52
Hawaii,2014,8.1833487,34.077324,91.8166513,57.73933,21.143867,7.5167103,13.07
Hawaii,2015,8.2168741,33.490681,91.7831259,58.29245,21.867937,8.4770012,12.87
Hawaii,2016,8.3453979,33.472626,91.6546021,58.181973,22.892153,8.7262106,12.64
Hawaii,2017,7.9150276,34.062977,92.0849724,58.021999,22.571703,8.7511292,12.27
Idaho,2009,3.9604917,26.927155,96.0395083,69.112358,29.100967,10.017262,15.27
Idaho,2010,4.6860719,27.072578,95.3139281,68.241348,28.441555,9.2117519,14.80
Idaho,2011,4.4948835,28.559118,95.5051165,66.945999,27.46138,8.2357082,14.07
Idaho,2012,4.4113765,27.450239,95.5886235,68.138382,28.029896,8.9486303,14.39
Idaho,2013,4.871459,27.426682,95.128541,67.701859,27.814114,9.1043329,13.88
Idaho,2014,4.4118619,28.699413,95.5881381,66.888725,27.929283,9.3739386,14.00
Idaho,2015,3.5576251,29.206203,96.4423749,67.236168,27.919674,9.5877113,13.79
Idaho,2016,4.1894207,29.301722,95.8105793,66.508858,28.435091,9.6818972,13.36
Idaho,2017,3.9431481,27.651787,96.0568519,68.40506,29.782846,11.052333,12.92
Illinois,2009,10.727969,34.775463,89.272031,54.496567,17.354921,4.9547324,13.38
Illinois,2010,10.52752,35.192265,89.47248,54.280216,17.468124,4.8710914,12.88
Illinois,2011,11.058434,35.378391,88.941566,53.563179,16.469067,4.5233183,12.53
Illinois,2012,11.026407,35.091133,88.973593,53.882462,16.963062,4.737103,12.36
Illinois,2013,10.713128,35.476158,89.286872,53.810715,17.079262,4.8916245,12.18
Illinois,2014,10.784715,35.095833,89.215285,54.11945,17.327747,5.003058,12.31
Illinois,2015,10.808562,35.378723,89.191438,53.812714,17.74262,5.1136894,12.30
Illinois,2016,11.026025,34.367256,88.973975,54.606716,18.023407,5.2472954,12.06
Illinois,2017,10.857717,34.388393,89.142283,54.753887,18.300499,5.4798498,11.67
Indiana,2009,6.5119224,32.622536,93.4880776,60.86554,21.715017,6.5625772,13.42
Indiana,2010,6.3546753,33.352234,93.6453247,60.293091,21.284752,6.4053855,12.95
Indiana,2011,7.0262747,33.285694,92.9737253,59.68803,20.509253,5.9640203,12.84
Indiana,2012,7.1030049,32.776966,92.8969951,60.120029,21.188293,6.3449645,12.73
Indiana,2013,7.0048571,32.914291,92.9951429,60.080849,21.900419,6.7792721,12.65
Indiana,2014,6.9731207,32.686108,93.0268793,60.340767,21.890856,6.800869,12.75
Indiana,2015,6.914597,32.983734,93.085403,60.101669,21.975014,6.7362771,12.70
Indiana,2016,6.2702751,32.608131,93.7297249,61.121593,22.925272,7.2627468,12.53
Indiana,2017,6.5572701,31.287268,93.4427299,62.15546,23.552818,7.6052895,12.33
Iowa,2009,6.0548382,29.412359,93.9451618,64.532806,25.324663,8.215004,13.09
Iowa,2010,5.7940774,30.041222,94.2059226,64.164703,24.577686,8.0335026,12.71
Iowa,2011,5.9022899,30.805046,94.0977101,63.292664,23.867468,7.426249,12.48
Iowa,2012,5.5892682,30.178934,94.4107318,64.231804,24.222687,8.0428801,12.59
Iowa,2013,5.7948132,30.234129,94.2051868,63.971062,25.003216,7.7628455,12.65
Iowa,2014,5.5579228,30.352139,94.4420772,64.089935,24.567146,8.0993433,12.77
Iowa,2015,5.8544846,29.66601,94.1455154,64.479507,25.047203,8.4315968,12.64
Iowa,2016,5.7577653,29.497921,94.2422347,64.744308,25.846439,8.4708948,12.57
Iowa,2017,5.6109519,29.311375,94.3890481,65.077675,26.267332,9.106842,12.22
Kansas,2009,5.3764968,30.457222,94.6235032,64.166275,25.217289,8.210947,14.61
Kansas,2010,5.4989839,30.422598,94.5010161,64.078415,24.283852,7.3804216,14.25
Kansas,2011,5.0820503,31.14266,94.9179497,63.775288,24.703163,8.4186182,13.81
Kansas,2012,5.4301467,31.074476,94.5698533,63.49538,24.170513,7.8205533,13.98
Kansas,2013,5.6075583,30.4153,94.3924417,63.977146,24.327103,8.1032276,13.42
Kansas,2014,5.5111423,31.01273,94.4888577,63.476128,24.601723,8.1140022,13.51
Kansas,2015,5.5715189,30.165026,94.4284811,64.263458,24.72908,8.6299524,13.45
Kansas,2016,5.6644096,30.266649,94.3355904,64.068947,25.252092,8.499856,13.09
Kansas,2017,5.1878548,30.014626,94.8121452,64.797523,25.609333,8.7849865,12.54
Kentucky,2009,7.8499136,33.193249,92.1500864,58.956837,21.202139,6.3346825,13.33
Kentucky,2010,7.5460062,33.31004,92.4539938,59.143955,20.614267,5.8537188,12.86
Kentucky,2011,8.0342245,33.536488,91.9657755,58.429291,20.180202,5.5590043,12.67
Kentucky,2012,7.7284532,33.971684,92.2715468,58.299862,20.488646,5.7972331,12.73
Kentucky,2013,7.8249998,32.958046,92.1750002,59.216953,21.009333,6.3615465,12.67
Kentucky,2014,8.1492023,34.083645,91.8507977,57.767151,20.585669,6.1327825,12.73
Kentucky,2015,7.4919238,33.753513,92.5080762,58.754562,20.857864,6.4361415,12.65
Kentucky,2016,7.5507684,33.071144,92.4492316,59.378086,21.880869,6.8540254,12.50
Kentucky,2017,7.3069282,32.214962,92.6930718,60.478115,22.620888,7.2830448,12.29
Louisiana,2009,8.289856,36.75024,91.710144,54.959904,16.594936,4.2777157,14.47
Louisiana,2010,8.804122,37.060234,91.195878,54.135643,16.57358,4.1260557,13.76
Louisiana,2011,8.9593019,36.934132,91.0406981,54.106567,16.092665,4.2313004,13.53
Louisiana,2012,8.3277845,38.187225,91.6722155,53.484993,16.000834,3.7605708,13.61
Louisiana,2013,8.5990849,37.251648,91.4009151,54.149265,16.34124,3.9791129,13.66
Louisiana,2014,8.7999954,37.082775,91.2000046,54.117233,16.376963,4.1178122,13.87
Louisiana,2015,8.7262964,37.131828,91.2737036,54.14188,16.5728,4.4099574,13.85
Louisiana,2016,8.5627565,37.528744,91.4372435,53.908497,16.962158,4.6211619,13.49
Louisiana,2017,8.5543747,37.134789,91.4456253,54.310833,17.378332,4.6379557,13.03
Maine,2009,6.9418468,33.96867,93.05815319999999,59.089481,19.729286,5.3463764,10.13
Maine,2010,7.0683532,33.502438,92.9316468,59.429203,18.558094,5.1566048,9.76
Maine,2011,7.7951136,33.78347,92.2048864,58.421413,17.502369,4.7472062,9.56
Maine,2012,7.067441,34.607956,92.932559,58.324604,18.038818,5.0832849,9.63
Maine,2013,7.609652,34.601028,92.390348,57.789318,18.054688,4.8076816,9.62
Maine,2014,7.9386582,34.370117,92.0613418,57.691223,19.176817,5.4610333,9.55
Maine,2015,8.0075045,34.301373,91.9924955,57.69112,18.331848,5.0333257,9.48
Maine,2016,7.2377086,34.937553,92.7622914,57.824738,18.380732,5.3916035,9.54
Maine,2017,6.8008847,34.304264,93.1991153,58.894848,19.67968,5.8668032,9.21
Maryland,2009,9.5257463,32.544308,90.4742537,57.929947,21.450302,6.9027004,13.10
Maryland,2010,9.4782982,32.520653,90.5217018,58.001053,20.989885,6.229744,12.78
Maryland,2011,9.8309364,33.273663,90.1690636,56.895401,20.512932,6.3681855,12.54
Maryland,2012,9.5885143,33.327679,90.4114857,57.083809,20.86965,6.5830693,12.39
Maryland,2013,9.3998652,33.251915,90.6001348,57.348221,20.875198,6.5010548,12.14
Maryland,2014,9.1186171,33.208477,90.8813829,57.672905,20.815144,6.6630864,12.37
Maryland,2015,9.3299885,32.058914,90.6700115,58.611095,21.312767,7.0964499,12.26
Maryland,2016,9.0959997,32.493004,90.9040003,58.410995,21.748137,7.0005932,12.16
Maryland,2017,8.9395714,32.081467,91.0604286,58.978962,22.207195,7.3938212,11.84
Massachusetts,2009,11.778952,36.474487,88.221048,51.746559,14.887707,4.2203732,11.51
Massachusetts,2010,12.88619,35.930374,87.11381,51.183434,14.505604,3.8123422,11.13
Massachusetts,2011,12.680549,36.372299,87.319451,50.947155,14.244607,3.8915639,11.11
Massachusetts,2012,12.704875,36.172737,87.295125,51.122387,14.443699,4.0415177,10.90
Massachusetts,2013,12.395237,36.269699,87.604763,51.335068,15.035282,4.1594496,10.73
Massachusetts,2014,12.485879,36.399361,87.514121,51.114761,15.384751,4.2711515,10.66
Massachusetts,2015,12.664538,35.752052,87.335462,51.583408,15.303575,4.3516064,10.52
Massachusetts,2016,12.566033,35.421558,87.433967,52.012409,15.765771,4.3926144,10.47
Massachusetts,2017,12.3902,35.533985,87.6098,52.075813,16.053373,4.8885317,10.31
Michigan,2009,7.4695215,34.621609,92.5304785,57.908867,18.45871,5.1883688,11.85
Michigan,2010,7.8315387,35.219269,92.1684613,56.949192,18.192617,5.3817806,11.59
Michigan,2011,7.8363218,35.639175,92.16367819999999,56.524502,18.130236,5.2048111,11.54
Michigan,2012,8.144002,35.299503,91.855998,56.556492,18.364061,5.3102221,11.44
Michigan,2013,8.15728,35.045528,91.84272,56.797188,18.675573,5.4408832,11.47
Michigan,2014,8.102725,34.671463,91.89727500000001,57.225811,18.887392,5.5808024,11.54
Michigan,2015,8.0267572,34.341793,91.9732428,57.631451,19.020084,5.6465774,11.42
Michigan,2016,7.8357882,34.223087,92.1642118,57.941128,19.322823,6.0302982,11.41
Michigan,2017,7.5409851,33.738403,92.4590149,58.720612,19.82938,6.1478362,11.18
Minnesota,2009,6.7490282,30.307507,93.2509718,62.943466,21.908392,6.3752084,13.38
Minnesota,2010,7.0967531,30.502384,92.9032469,62.400864,21.831247,6.5660462,12.94
Minnesota,2011,7.3057799,30.586264,92.6942201,62.107956,21.495251,6.2435694,12.80
Minnesota,2012,6.949904,30.264786,93.050096,62.785309,22.125881,6.8034978,12.78
Minnesota,2013,7.1301074,30.179947,92.8698926,62.689949,21.932316,6.8250537,12.76
Minnesota,2014,7.4254827,29.868237,92.5745173,62.70628,22.460037,7.0034451,12.81
Minnesota,2015,6.8335862,30.288107,93.1664138,62.878304,22.747248,6.8856521,12.72
Minnesota,2016,6.8011494,29.92407,93.1988506,63.274776,22.738182,7.1201296,12.64
Minnesota,2017,6.7322755,29.415306,93.2677245,63.852417,23.321266,7.2485991,12.30
Mississippi,2009,7.3445745,33.519112,92.6554255,59.136314,21.929159,6.7804785,14.50
Mississippi,2010,7.1598215,33.285492,92.84017850000001,59.554684,22.67465,6.6794505,13.49
Mississippi,2011,6.9211493,35.156075,93.0788507,57.922775,20.884262,6.2237339,13.38
Mississippi,2012,6.9001884,34.835827,93.0998116,58.263988,21.361074,6.5763063,12.95
Mississippi,2013,7.1475582,33.975555,92.8524418,58.876884,21.968521,6.6384845,12.92
Mississippi,2014,6.8087635,33.482964,93.1912365,59.708275,22.305519,6.9105139,12.94
Mississippi,2015,6.97157,33.385971,93.02843,59.642456,22.662582,6.9752827,12.83
Mississippi,2016,6.5053215,33.652477,93.4946785,59.842197,23.198914,7.1618199,12.69
Mississippi,2017,6.2525868,33.337421,93.7474132,60.409988,24.161158,7.6323738,12.52
Missouri,2009,7.1083107,33.190338,92.8916893,59.701355,20.481827,5.8226666,13.24
Missouri,2010,7.2454252,33.993172,92.7545748,58.761406,20.550892,5.827549,12.82
Missouri,2011,7.4977555,33.342216,92.5022445,59.160023,20.661116,6.0341539,12.66
Missouri,2012,7.7640743,33.652206,92.2359257,58.583717,20.617472,6.1051617,12.53
Missouri,2013,7.1503391,33.834858,92.8496609,59.014805,20.794735,6.0622053,12.46
Missouri,2014,7.2565546,33.466919,92.7434454,59.276527,20.850142,6.3201299,12.43
Missouri,2015,7.0956287,33.127941,92.9043713,59.776424,21.402716,6.7365994,12.34
Missouri,2016,6.9519305,32.997906,93.0480695,60.050167,22.242823,6.9647455,12.26
Missouri,2017,6.7424693,32.705486,93.2575307,60.552044,22.807766,7.1883144,11.95
Montana,2009,4.9841857,29.346073,95.0158143,65.669739,29.357798,10.498631,12.46
Montana,2010,5.0081067,27.678665,94.9918933,67.313225,28.767193,10.103862,12.19
Montana,2011,5.1116886,28.752752,94.8883114,66.135559,28.364378,9.6178102,12.09
Montana,2012,5.5345798,29.162125,94.4654202,65.303299,28.236797,10.157286,12.06
Montana,2013,5.0616803,29.687315,94.9383197,65.251007,28.285107,10.277685,12.19
Montana,2014,5.4129095,28.498987,94.5870905,66.088104,28.531105,10.086577,12.15
Montana,2015,5.4076142,27.822056,94.5923858,66.770332,28.328558,9.7923355,12.18
Montana,2016,5.0874138,27.26128,94.91258619999999,67.651306,31.464104,11.594833,11.78
Montana,2017,5.1064668,27.490303,94.89353320000001,67.403229,30.768322,10.987234,11.23
Nebraska,2009,6.049017,30.546961,93.950983,63.404022,24.239515,8.401866,14.86
Nebraska,2010,5.1761146,30.271763,94.8238854,64.552124,25.052273,7.9236312,14.19
Nebraska,2011,6.2068248,29.517132,93.79317520000001,64.276047,23.992401,8.1699362,13.96
Nebraska,2012,5.8572459,29.765802,94.1427541,64.376953,24.392765,8.0793924,13.98
Nebraska,2013,5.6771407,29.875893,94.3228593,64.446968,25.301165,8.4220867,13.97
Nebraska,2014,5.4596262,30.253723,94.5403738,64.286652,25.37188,8.7435293,14.24
Nebraska,2015,5.4426541,30.620337,94.5573459,63.937008,25.316631,8.9724102,14.07
Nebraska,2016,5.7139072,30.634516,94.2860928,63.651581,25.824213,8.3807096,13.94
Nebraska,2017,5.4565334,29.073944,94.5434666,65.469521,25.956738,9.1004524,13.45
Nevada,2009,7.4234114,35.422459,92.5765886,57.154129,18.759365,5.8980131,14.01
Nevada,2010,7.5723543,36.575466,92.4276457,55.85218,17.415951,5.2058425,13.31
Nevada,2011,7.942163,37.721104,92.057837,54.336731,17.165232,5.2814064,12.96
Nevada,2012,8.2415648,36.500317,91.7584352,55.258118,17.153204,4.8312893,12.65
Nevada,2013,7.6786585,37.612499,92.3213415,54.708843,18.081711,5.2895007,12.55
Nevada,2014,8.3369961,37.810455,91.6630039,53.852547,18.09746,5.2672539,12.63
Nevada,2015,7.6941462,37.123211,92.3058538,55.18264,18.923004,5.6323743,12.56
Nevada,2016,8.1890106,35.712376,91.8109894,56.09861,19.851151,6.0640206,12.33
Nevada,2017,7.2140565,34.915905,92.7859435,57.870041,20.634872,6.4515958,11.93
New Hampshire,2009,4.7430391,31.234619,95.2569609,64.022339,22.995722,7.4011245,10.16
New Hampshire,2010,5.5539927,29.994509,94.4460073,64.4515,22.062119,6.698472,9.78
New Hampshire,2011,4.6865745,30.96636,95.3134255,64.347061,20.936037,6.2187533,9.75
New Hampshire,2012,5.4885321,31.148424,94.5114679,63.363045,21.062262,6.4096766,9.35
New Hampshire,2013,5.2218022,30.853775,94.7781978,63.924419,21.00045,6.3255181,9.37
New Hampshire,2014,5.3817558,31.274677,94.6182442,63.343567,22.872463,7.1872191,9.27
New Hampshire,2015,4.967205,30.524424,95.032795,64.508369,22.195068,7.3512168,9.34
New Hampshire,2016,5.5235548,29.37291,94.4764452,65.103539,23.199774,7.5072556,9.19
New Hampshire,2017,5.0987325,29.722717,94.9012675,65.178551,23.468697,7.3118968,9.02
New Jersey,2009,11.821259,34.856918,88.178741,53.321819,16.650217,4.7913013,12.60
New Jersey,2010,11.661535,34.677113,88.338465,53.661354,16.991093,5.1863861,12.16
New Jersey,2011,11.903256,35.511894,88.096744,52.58485,17.158892,5.0761623,12.00
New Jersey,2012,11.867485,34.661507,88.132515,53.471004,17.073565,5.1696277,11.76
New Jersey,2013,11.624365,34.554405,88.375635,53.821228,17.542967,5.1999297,11.53
New Jersey,2014,11.360555,34.971504,88.639445,53.667938,17.861029,5.4479966,11.56
New Jersey,2015,11.696999,34.749744,88.303001,53.553261,17.56617,5.4069009,11.51
New Jersey,2016,11.568158,34.037079,88.431842,54.394764,18.348959,5.6339626,11.48
New Jersey,2017,11.233293,33.582787,88.766707,55.183922,18.762812,5.7592616,11.24
New Mexico,2009,5.3485765,34.338314,94.65142349999999,60.31311,23.221138,7.5826302,14.24
New Mexico,2010,5.1829433,34.222923,94.8170567,60.594131,21.658348,7.2849236,13.52
New Mexico,2011,6.3028731,33.321255,93.6971269,60.37587,22.761686,7.0608706,13.11
New Mexico,2012,5.7077422,34.020702,94.2922578,60.271557,22.772276,7.5017385,12.98
New Mexico,2013,5.7016058,33.84441,94.2983942,60.453979,23.643045,7.2427998,12.64
New Mexico,2014,6.2843995,33.054504,93.7156005,60.661095,22.54191,6.8935337,12.49
New Mexico,2015,6.3820152,33.177341,93.6179848,60.440643,23.376963,7.4778452,12.38
New Mexico,2016,5.4075613,32.873394,94.5924387,61.719044,24.679045,8.0875416,11.87
New Mexico,2017,5.3153229,34.100208,94.6846771,60.584469,23.850828,7.895741,11.38
New York,2009,28.546175,33.002235,71.453825,38.451588,11.727048,3.3559535,12.85
New York,2010,29.130415,32.531322,70.869585,38.338261,11.553233,3.2396216,12.61
New York,2011,29.456013,32.62318,70.543987,37.920807,11.277254,3.2037005,12.40
New York,2012,29.789436,32.771317,70.210564,37.439247,11.357354,3.2265027,12.31
New York,2013,29.041218,33.127304,70.958782,37.831478,11.575949,3.3020813,12.06
New York,2014,29.422712,32.958279,70.577288,37.619011,11.417874,3.3193874,12.09
New York,2015,29.235214,33.143051,70.764786,37.621735,11.738525,3.4971621,11.99
New York,2016,29.015265,32.964146,70.984735,38.020592,12.09554,3.5451808,11.87
New York,2017,29.278803,32.441814,70.721197,38.279381,12.429117,3.8628583,11.57
North Carolina,2009,6.4677691,32.579319,93.5322309,60.952908,22.495438,6.7151842,13.42
North Carolina,2010,6.5882945,32.903633,93.4117055,60.508072,22.00485,6.5281448,12.83
North Carolina,2011,6.7646317,32.666527,93.2353683,60.568844,21.575359,6.4084082,12.47
North Carolina,2012,6.6843548,33.106552,93.3156452,60.209095,21.779877,6.3866587,12.29
North Carolina,2013,6.4808593,33.134388,93.5191407,60.38475,22.120037,6.7032957,12.08
North Carolina,2014,6.306488,32.719082,93.693512,60.97443,22.481152,6.8640223,12.17
North Carolina,2015,6.3682942,32.495029,93.6317058,61.136681,22.951002,7.1954041,12.03
North Carolina,2016,5.7533917,32.421272,94.2466083,61.825336,23.632046,7.220336,11.90
North Carolina,2017,5.775146,31.510475,94.224854,62.714378,24.399422,7.8663101,11.69
North Dakota,2009,4.7589011,30.13863,95.2410989,65.10247,28.110775,10.184076,13.54
North Dakota,2010,5.1114073,29.424206,94.8885927,65.464386,27.21032,10.291999,13.54
North Dakota,2011,5.778295,29.117981,94.221705,65.103729,27.633715,10.035281,13.93
North Dakota,2012,5.325767,28.598288,94.674233,66.075943,27.755514,10.51027,14.44
North Dakota,2013,5.325882,28.484604,94.67411799999999,66.189514,28.714239,10.739261,14.65
North Dakota,2014,5.149117,29.292706,94.850883,65.558174,27.445805,10.054317,15.36
North Dakota,2015,4.9388309,29.356089,95.0611691,65.705078,27.410162,10.541511,14.95
North Dakota,2016,5.1181402,28.075993,94.8818598,66.80587,27.31949,10.209943,15.02
North Dakota,2017,5.1500764,29.265965,94.8499236,65.583961,26.910336,10.165472,14.21
Ohio,2009,8.3189659,33.853165,91.6810341,57.827873,19.884504,5.8675938,12.56
Ohio,2010,8.1556816,33.636551,91.8443184,58.207767,19.6619,5.7179275,12.06
Ohio,2011,8.4751425,34.415932,91.5248575,57.108925,19.348228,5.8176446,11.95
Ohio,2012,8.398365,34.617226,91.601635,56.984413,19.666861,5.7404137,12.00
Ohio,2013,8.4319057,34.034279,91.5680943,57.533817,20.169516,5.963181,12.01
Ohio,2014,8.8063545,33.587505,91.1936455,57.606136,20.243309,6.2401538,12.03
Ohio,2015,8.4011507,33.754147,91.5988493,57.844704,20.511911,6.3303204,11.99
Ohio,2016,8.1389818,33.182804,91.8610182,58.678211,21.144087,6.641686,11.89
Ohio,2017,7.9295645,32.681,92.0704355,59.389435,21.462284,6.8843102,11.74
Oklahoma,2009,5.7746086,33.004318,94.2253914,61.221077,22.124182,6.669981,14.67
Oklahoma,2010,5.4889216,33.178551,94.5110784,61.332531,21.795809,6.6186123,14.19
Oklahoma,2011,5.7785549,33.903824,94.2214451,60.317619,21.085358,6.2010174,13.79
Oklahoma,2012,5.7629714,33.742458,94.2370286,60.494572,21.012714,6.3708515,13.83
Oklahoma,2013,5.8722,33.34227,94.1278,60.78553,21.63069,6.5966635,13.86
Oklahoma,2014,5.9524894,32.850697,94.0475106,61.196815,21.77832,6.5044985,13.75
Oklahoma,2015,5.5705819,32.527416,94.4294181,61.902,22.169294,6.9170794,13.58
Oklahoma,2016,5.456728,33.535896,94.543272,61.007374,22.63925,7.0814691,13.40
Oklahoma,2017,5.5497823,32.340561,94.4502177,62.109653,23.140053,7.2422886,12.77
Oregon,2009,7.2049012,32.553524,92.7950988,60.241573,21.989962,6.9307275,12.38
Oregon,2010,7.9761825,32.000607,92.0238175,60.023212,21.627829,6.7197604,11.89
Oregon,2011,7.9578557,33.031242,92.0421443,59.010906,20.544977,6.1731243,11.66
Oregon,2012,8.2683954,32.550426,91.7316046,59.181179,20.91437,6.5141597,11.56
Oregon,2013,8.0050583,33.289955,91.9949417,58.704983,21.348486,6.4549847,11.49
Oregon,2014,7.8547144,32.845547,92.1452856,59.299736,21.792681,6.4240499,11.47
Oregon,2015,8.183917,32.391602,91.816083,59.424477,22.143826,6.8089528,11.33
Oregon,2016,7.3652492,31.566643,92.6347508,61.068108,23.036333,7.5811334,11.12
Oregon,2017,7.2407999,31.220509,92.7592001,61.538689,23.543512,7.9787483,10.53
Pennsylvania,2009,11.286064,34.069466,88.713936,54.64447,17.798462,4.9811983,11.56
Pennsylvania,2010,11.671141,34.360001,88.328859,53.968857,17.382027,4.8902659,11.28
Pennsylvania,2011,12.049765,34.272491,87.95023499999999,53.677742,17.409075,4.9400148,11.24
Pennsylvania,2012,11.56146,34.371082,88.43854,54.067455,17.695097,4.9340806,11.17
Pennsylvania,2013,11.281352,34.508636,88.718648,54.210014,17.873699,5.2642555,11.03
Pennsylvania,2014,11.351843,34.239902,88.648157,54.408253,18.226469,5.377244,11.13
Pennsylvania,2015,11.126813,34.105457,88.873187,54.767727,18.309629,5.5272994,11.02
Pennsylvania,2016,10.81168,34.435131,89.18832,54.753185,18.370455,5.5266232,10.90
Pennsylvania,2017,11.166697,33.604645,88.833303,55.228657,18.903315,5.5049853,10.76
Rhode Island,2009,8.9028234,37.095757,91.0971766,54.001419,17.498272,4.8259721,10.86
Rhode Island,2010,10.160704,36.506542,89.839296,53.332752,17.332306,4.896904,10.62
Rhode Island,2011,9.566802,36.267006,90.433198,54.166191,16.211653,4.2754674,10.43
Rhode Island,2012,9.9686985,37.412579,90.0313015,52.618725,16.311493,4.4264712,10.40
Rhode Island,2013,9.615962,36.773499,90.384038,53.610538,16.652723,5.5506611,10.28
Rhode Island,2014,10.209592,36.743446,89.790408,53.046959,16.876436,4.8423791,10.26
Rhode Island,2015,10.393537,37.456684,89.606463,52.14978,16.318924,4.8043604,10.41
Rhode Island,2016,9.5132999,37.44865,90.48670010000001,53.038048,15.70722,4.392035,10.22
Rhode Island,2017,8.9164963,36.579262,91.0835037,54.504238,18.412567,5.3353167,10.04
South Carolina,2009,6.8999996,33.92886,93.1000004,59.171139,21.234089,6.1376162,13.21
South Carolina,2010,7.3391342,33.570305,92.6608658,59.090561,20.560318,5.8115368,12.61
South Carolina,2011,7.3504915,33.70808,92.6495085,58.941429,20.055302,5.9149137,12.27
South Carolina,2012,7.0757666,34.776875,92.9242334,58.147358,19.719135,5.5641904,12.10
South Carolina,2013,6.5728536,34.305946,93.4271464,59.121197,20.311045,5.8785319,11.89
South Carolina,2014,7.065084,33.515972,92.934916,59.418945,20.874874,6.3164988,11.92
South Carolina,2015,6.9181943,33.239891,93.0818057,59.841919,21.526854,6.2159538,11.87
South Carolina,2016,6.3090057,33.110565,93.6909943,60.580425,21.836245,6.8282061,11.56
South Carolina,2017,6.2271271,33.339249,93.7728729,60.433624,22.131069,6.7367067,11.35
South Dakota,2009,5.0019264,29.780378,94.9980736,65.21769,29.302862,10.578642,14.79
South Dakota,2010,6.2099671,27.577871,93.7900329,66.212158,28.851091,10.342525,14.51
South Dakota,2011,5.9536223,27.839672,94.0463777,66.206703,28.464954,10.352242,14.37
South Dakota,2012,4.5996323,30.151192,95.4003677,65.249176,27.777863,10.073047,14.52
South Dakota,2013,4.5590606,29.362778,95.4409394,66.078163,28.628328,10.75237,14.50
South Dakota,2014,5.1112938,29.737648,94.8887062,65.151062,28.470289,10.062635,14.40
South Dakota,2015,5.3005414,27.262201,94.6994586,67.437256,30.277487,10.880075,14.37
South Dakota,2016,6.0855742,27.95454,93.9144258,65.959892,29.797935,10.878046,14.18
South Dakota,2017,5.1414628,29.662462,94.8585372,65.196075,29.05711,11.023645,13.95
Tennessee,2009,6.1753955,33.127098,93.8246045,60.697502,22.308716,6.7304277,13.04
Tennessee,2010,6.2223253,32.844601,93.7776747,60.933071,22.229574,6.4638176,12.53
Tennessee,2011,6.7118473,33.555305,93.2881527,59.732849,21.686346,6.3072152,12.43
Tennessee,2012,6.3790026,33.384674,93.6209974,60.236324,22.248224,6.4951673,12.45
Tennessee,2013,6.3248692,32.74725,93.6751308,60.927887,22.576418,7.1785994,12.31
Tennessee,2014,6.6957541,32.573952,93.3042459,60.730297,23.071844,7.4231424,12.46
Tennessee,2015,6.2983646,32.25621,93.7016354,61.445427,23.027554,7.2714272,12.38
Tennessee,2016,5.770299,32.613056,94.229701,61.616646,24.109661,7.6951275,12.15
Tennessee,2017,5.5305939,31.348366,94.4694061,63.12104,24.920317,8.1243734,12.06
Texas,2009,5.9847994,35.005226,94.0152006,59.009975,18.567747,4.9293156,16.21
Texas,2010,6.0562229,34.76355,93.9437771,59.180225,18.830257,4.9966335,15.36
Texas,2011,6.0857115,34.678925,93.9142885,59.235363,18.777815,5.0270443,14.70
Texas,2012,5.8315949,34.640266,94.1684051,59.528141,19.251064,5.1547666,14.69
Texas,2013,5.9949598,34.121185,94.0050402,59.883858,19.632486,5.5103841,14.65
Texas,2014,5.7509718,34.039883,94.2490282,60.209145,19.898359,5.5770402,14.83
Texas,2015,5.6056881,33.788025,94.3943119,60.606289,20.683565,5.8761363,14.69
Texas,2016,5.2428203,33.598274,94.7571797,61.158909,21.408096,6.4607491,14.29
Texas,2017,5.2784672,32.569649,94.7215328,62.151886,21.750181,6.5245032,13.50
Utah,2009,4.3633461,25.014889,95.6366539,70.621765,28.737768,9.9821348,19.79
Utah,2010,4.3990793,26.015511,95.6009207,69.585403,27.58433,9.5201845,18.91
Utah,2011,4.9569526,27.004602,95.0430474,68.038445,26.312944,8.7565441,18.18
Utah,2012,4.6376486,26.814941,95.3623514,68.547409,27.244217,9.2050714,18.02
Utah,2013,4.3835568,26.382833,95.6164432,69.233612,27.334723,8.9725676,17.57
Utah,2014,4.4107494,25.281096,95.5892506,70.308151,28.334766,9.5254641,17.38
Utah,2015,4.2026682,25.182713,95.7973318,70.614624,28.72876,10.013857,16.95
Utah,2016,4.0131602,25.016567,95.9868398,70.970276,29.847309,10.674476,16.54
Utah,2017,4.0291233,23.712387,95.9708767,72.258492,31.091558,11.437821,15.66
Vermont,2009,6.028935,33.016335,93.971065,60.954731,19.250723,5.3166809,9.78
Vermont,2010,7.049221,33.870979,92.950779,59.079796,20.209248,5.224154,9.95
Vermont,2011,6.9117727,32.524731,93.0882273,60.563492,20.114782,5.2914615,9.70
Vermont,2012,6.5793753,32.98391,93.4206247,60.436718,18.608618,5.4382639,9.60
Vermont,2013,7.1961112,34.264751,92.8038888,58.539139,18.346272,4.9539161,9.54
Vermont,2014,6.4537821,34.244194,93.5462179,59.302021,18.508022,5.3920822,9.78
Vermont,2015,7.2815022,34.22596,92.7184978,58.492535,18.679302,5.4605379,9.43
Vermont,2016,7.0280285,35.195072,92.9719715,57.776897,18.468437,5.0653124,9.22
Vermont,2017,6.9341345,34.554939,93.0658655,58.510925,18.422703,4.4866323,9.07
Virginia,2009,6.3214102,30.485323,93.6785898,63.193268,24.945137,7.9242764,13.26
Virginia,2010,6.2268519,30.878675,93.7731481,62.89447,24.534338,7.8869743,12.87
Virginia,2011,6.2382092,30.542156,93.7617908,63.219635,24.64735,7.7913828,12.68
Virginia,2012,6.3832545,30.451431,93.61674550000001,63.165314,25.134626,7.9110107,12.58
Virginia,2013,6.5293179,30.526304,93.4706821,62.944378,24.723064,7.9296098,12.37
Virginia,2014,6.7020125,30.891556,93.2979875,62.406433,24.93787,8.0339966,12.41
Virginia,2015,6.1747179,30.966738,93.8252821,62.858547,24.838657,8.1019478,12.32
Virginia,2016,6.3202968,30.599239,93.6797032,63.080467,25.500336,8.649684,12.18
Virginia,2017,6.0726781,29.920664,93.9273219,64.006653,25.680416,8.8327017,11.85
Washington,2009,6.3466482,30.908752,93.6533518,62.744598,24.614775,8.3259487,13.40
Washington,2010,6.6652908,31.584055,93.3347092,61.750656,23.844751,7.7292519,12.87
Washington,2011,6.9901066,30.871174,93.0098934,62.138718,24.273794,7.8167729,12.73
Washington,2012,6.8901634,31.316658,93.1098366,61.793179,23.80916,7.8086948,12.68
Washington,2013,7.2053657,31.05057,92.7946343,61.744064,23.801832,7.7817945,12.42
Washington,2014,7.2907872,30.34075,92.7092128,62.368465,24.239542,7.9018106,12.54
Washington,2015,6.6635928,30.413845,93.3364072,62.922562,24.649771,8.157671,12.41
Washington,2016,6.9431982,29.665733,93.0568018,63.391071,25.442076,8.8505878,12.42
Washington,2017,6.6327462,29.574562,93.3672538,63.792694,25.829845,9.203743,11.82
West Virginia,2009,8.8100872,35.349899,91.1899128,55.840015,18.55028,4.793345,11.51
West Virginia,2010,8.3863926,35.142868,91.6136074,56.470741,18.786425,4.8068576,11.05
West Virginia,2011,8.8670511,36.330719,91.1329489,54.802235,17.921616,4.9493613,11.17
West Virginia,2012,8.823617,36.577736,91.176383,54.598648,17.75552,4.5567088,11.22
West Virginia,2013,8.8086014,36.00351,91.1913986,55.187885,18.10187,5.0064101,11.23
West Virginia,2014,8.7254801,35.292877,91.2745199,55.981644,18.564949,5.1920447,10.97
West Virginia,2015,9.1563921,35.552509,90.8436079,55.291092,18.509371,5.591557,10.74
West Virginia,2016,8.9783621,34.583763,91.0216379,56.437874,20.147898,5.6584387,10.42
West Virginia,2017,8.4330101,34.799976,91.5669899,56.767017,19.558147,5.7108269,10.28
Wisconsin,2009,6.7111187,31.622814,93.2888813,61.666065,21.350903,6.1732874,12.50
Wisconsin,2010,7.0550008,32.710838,92.9449992,60.234158,20.007616,5.8821721,12.04
Wisconsin,2011,7.4604282,32.28072,92.5395718,60.258854,19.835482,5.6373696,11.87
Wisconsin,2012,7.2377973,32.428566,92.7622027,60.333633,19.697626,5.5832949,11.75
Wisconsin,2013,6.969264,32.78746,93.030736,60.243271,20.111128,5.685884,11.61
Wisconsin,2014,7.0338459,32.8144,92.9661541,60.151756,20.210211,5.8250585,11.66
Wisconsin,2015,6.9428911,31.876778,93.0571089,61.180328,20.964176,6.2290421,11.62
Wisconsin,2016,6.9685922,31.830067,93.0314078,61.20134,21.041874,6.3693652,11.53
Wisconsin,2017,6.8128529,31.340261,93.1871471,61.846882,21.603731,6.5677772,11.21
Wyoming,2009,3.7533185,25.112492,96.2466815,71.134193,33.554649,13.582836,14.08
Wyoming,2010,3.6305614,26.457903,96.3694386,69.911537,32.462757,12.254323,13.41
Wyoming,2011,3.5939767,25.650333,96.4060233,70.755692,31.14016,11.33644,13.02
Wyoming,2012,3.2002614,27.983606,96.7997386,68.816132,30.442078,11.740704,13.14
Wyoming,2013,4.2820854,26.350986,95.7179146,69.366928,31.710291,10.69941,13.12
Wyoming,2014,3.8711231,28.048876,96.1288769,68.080002,30.860212,12.052762,13.17
Wyoming,2015,3.2144215,27.80765,96.7855785,68.977928,31.402525,10.87155,13.25
Wyoming,2016,4.1177177,25.38246,95.8822823,70.499825,32.375156,11.973043,12.61
Wyoming,2017,4.3477297,26.563803,95.6522703,69.08847,33.254353,12.197736,11.92
